Any,Codi_Districte,Nom_Districte,Codi_Barri,Nom_Barri,Potencia_fiscal,Nombre_turismes
2020,1,Ciutat Vella,1,el Raval,Menys 8 cf,314
2020,1,Ciutat Vella,1,el Raval,"8 a 8,9",183
2020,1,Ciutat Vella,1,el Raval,"9 a 9,9",314
2020,1,Ciutat Vella,1,el Raval,"10 a 10,9",831
2020,1,Ciutat Vella,1,el Raval,"11 a 11,9",1454
2020,1,Ciutat Vella,1,el Raval,"12 a 12,9",969
2020,1,Ciutat Vella,1,el Raval,"13 a 13,9",1098
2020,1,Ciutat Vella,1,el Raval,"14 a 14,9",133
2020,1,Ciutat Vella,1,el Raval,"15 a 15,9",88
2020,1,Ciutat Vella,1,el Raval,"16 a 19,9",305
2020,1,Ciutat Vella,1,el Raval,20 i més cf,113
2020,1,Ciutat Vella,2,el Barri Gòtic,Menys 8 cf,269
2020,1,Ciutat Vella,2,el Barri Gòtic,"8 a 8,9",236
2020,1,Ciutat Vella,2,el Barri Gòtic,"9 a 9,9",537
2020,1,Ciutat Vella,2,el Barri Gòtic,"10 a 10,9",516
2020,1,Ciutat Vella,2,el Barri Gòtic,"11 a 11,9",1098
2020,1,Ciutat Vella,2,el Barri Gòtic,"12 a 12,9",509
2020,1,Ciutat Vella,2,el Barri Gòtic,"13 a 13,9",846
2020,1,Ciutat Vella,2,el Barri Gòtic,"14 a 14,9",131
2020,1,Ciutat Vella,2,el Barri Gòtic,"15 a 15,9",270
2020,1,Ciutat Vella,2,el Barri Gòtic,"16 a 19,9",364
2020,1,Ciutat Vella,2,el Barri Gòtic,20 i més cf,113
2020,1,Ciutat Vella,3,la Barceloneta,Menys 8 cf,228
2020,1,Ciutat Vella,3,la Barceloneta,"8 a 8,9",123
2020,1,Ciutat Vella,3,la Barceloneta,"9 a 9,9",199
2020,1,Ciutat Vella,3,la Barceloneta,"10 a 10,9",502
2020,1,Ciutat Vella,3,la Barceloneta,"11 a 11,9",813
2020,1,Ciutat Vella,3,la Barceloneta,"12 a 12,9",415
2020,1,Ciutat Vella,3,la Barceloneta,"13 a 13,9",532
2020,1,Ciutat Vella,3,la Barceloneta,"14 a 14,9",53
2020,1,Ciutat Vella,3,la Barceloneta,"15 a 15,9",47
2020,1,Ciutat Vella,3,la Barceloneta,"16 a 19,9",146
2020,1,Ciutat Vella,3,la Barceloneta,20 i més cf,46
2020,1,Ciutat Vella,4,"Sant Pere, Santa Caterina i la Ribera",Menys 8 cf,278
2020,1,Ciutat Vella,4,"Sant Pere, Santa Caterina i la Ribera","8 a 8,9",119
2020,1,Ciutat Vella,4,"Sant Pere, Santa Caterina i la Ribera","9 a 9,9",217
2020,1,Ciutat Vella,4,"Sant Pere, Santa Caterina i la Ribera","10 a 10,9",548
2020,1,Ciutat Vella,4,"Sant Pere, Santa Caterina i la Ribera","11 a 11,9",926
2020,1,Ciutat Vella,4,"Sant Pere, Santa Caterina i la Ribera","12 a 12,9",524
2020,1,Ciutat Vella,4,"Sant Pere, Santa Caterina i la Ribera","13 a 13,9",776
2020,1,Ciutat Vella,4,"Sant Pere, Santa Caterina i la Ribera","14 a 14,9",89
2020,1,Ciutat Vella,4,"Sant Pere, Santa Caterina i la Ribera","15 a 15,9",57
2020,1,Ciutat Vella,4,"Sant Pere, Santa Caterina i la Ribera","16 a 19,9",245
2020,1,Ciutat Vella,4,"Sant Pere, Santa Caterina i la Ribera",20 i més cf,105
2020,2,Eixample,5,el Fort Pienc,Menys 8 cf,590
2020,2,Eixample,5,el Fort Pienc,"8 a 8,9",335
2020,2,Eixample,5,el Fort Pienc,"9 a 9,9",458
2020,2,Eixample,5,el Fort Pienc,"10 a 10,9",1292
2020,2,Eixample,5,el Fort Pienc,"11 a 11,9",2172
2020,2,Eixample,5,el Fort Pienc,"12 a 12,9",1005
2020,2,Eixample,5,el Fort Pienc,"13 a 13,9",1928
2020,2,Eixample,5,el Fort Pienc,"14 a 14,9",199
2020,2,Eixample,5,el Fort Pienc,"15 a 15,9",178
2020,2,Eixample,5,el Fort Pienc,"16 a 19,9",457
2020,2,Eixample,5,el Fort Pienc,20 i més cf,184
2020,2,Eixample,6,la Sagrada Família,Menys 8 cf,1001
2020,2,Eixample,6,la Sagrada Família,"8 a 8,9",482
2020,2,Eixample,6,la Sagrada Família,"9 a 9,9",781
2020,2,Eixample,6,la Sagrada Família,"10 a 10,9",1944
2020,2,Eixample,6,la Sagrada Família,"11 a 11,9",3534
2020,2,Eixample,6,la Sagrada Família,"12 a 12,9",1668
2020,2,Eixample,6,la Sagrada Família,"13 a 13,9",2734
2020,2,Eixample,6,la Sagrada Família,"14 a 14,9",333
2020,2,Eixample,6,la Sagrada Família,"15 a 15,9",242
2020,2,Eixample,6,la Sagrada Família,"16 a 19,9",587
2020,2,Eixample,6,la Sagrada Família,20 i més cf,185
2020,2,Eixample,7,la Dreta de l'Eixample,Menys 8 cf,1102
2020,2,Eixample,7,la Dreta de l'Eixample,"8 a 8,9",459
2020,2,Eixample,7,la Dreta de l'Eixample,"9 a 9,9",791
2020,2,Eixample,7,la Dreta de l'Eixample,"10 a 10,9",2005
2020,2,Eixample,7,la Dreta de l'Eixample,"11 a 11,9",3422
2020,2,Eixample,7,la Dreta de l'Eixample,"12 a 12,9",1697
2020,2,Eixample,7,la Dreta de l'Eixample,"13 a 13,9",3692
2020,2,Eixample,7,la Dreta de l'Eixample,"14 a 14,9",442
2020,2,Eixample,7,la Dreta de l'Eixample,"15 a 15,9",384
2020,2,Eixample,7,la Dreta de l'Eixample,"16 a 19,9",1526
2020,2,Eixample,7,la Dreta de l'Eixample,20 i més cf,875
2020,2,Eixample,8,l'Antiga Esquerra de l'Eixample,Menys 8 cf,902
2020,2,Eixample,8,l'Antiga Esquerra de l'Eixample,"8 a 8,9",389
2020,2,Eixample,8,l'Antiga Esquerra de l'Eixample,"9 a 9,9",674
2020,2,Eixample,8,l'Antiga Esquerra de l'Eixample,"10 a 10,9",1605
2020,2,Eixample,8,l'Antiga Esquerra de l'Eixample,"11 a 11,9",2723
2020,2,Eixample,8,l'Antiga Esquerra de l'Eixample,"12 a 12,9",1364
2020,2,Eixample,8,l'Antiga Esquerra de l'Eixample,"13 a 13,9",2770
2020,2,Eixample,8,l'Antiga Esquerra de l'Eixample,"14 a 14,9",325
2020,2,Eixample,8,l'Antiga Esquerra de l'Eixample,"15 a 15,9",280
2020,2,Eixample,8,l'Antiga Esquerra de l'Eixample,"16 a 19,9",936
2020,2,Eixample,8,l'Antiga Esquerra de l'Eixample,20 i més cf,449
2020,2,Eixample,9,la Nova Esquerra de l'Eixample,Menys 8 cf,1224
2020,2,Eixample,9,la Nova Esquerra de l'Eixample,"8 a 8,9",548
2020,2,Eixample,9,la Nova Esquerra de l'Eixample,"9 a 9,9",1038
2020,2,Eixample,9,la Nova Esquerra de l'Eixample,"10 a 10,9",2496
2020,2,Eixample,9,la Nova Esquerra de l'Eixample,"11 a 11,9",4081
2020,2,Eixample,9,la Nova Esquerra de l'Eixample,"12 a 12,9",2057
2020,2,Eixample,9,la Nova Esquerra de l'Eixample,"13 a 13,9",3727
2020,2,Eixample,9,la Nova Esquerra de l'Eixample,"14 a 14,9",462
2020,2,Eixample,9,la Nova Esquerra de l'Eixample,"15 a 15,9",375
2020,2,Eixample,9,la Nova Esquerra de l'Eixample,"16 a 19,9",943
2020,2,Eixample,9,la Nova Esquerra de l'Eixample,20 i més cf,383
2020,2,Eixample,10,Sant Antoni,Menys 8 cf,691
2020,2,Eixample,10,Sant Antoni,"8 a 8,9",358
2020,2,Eixample,10,Sant Antoni,"9 a 9,9",556
2020,2,Eixample,10,Sant Antoni,"10 a 10,9",1328
2020,2,Eixample,10,Sant Antoni,"11 a 11,9",2435
2020,2,Eixample,10,Sant Antoni,"12 a 12,9",1138
2020,2,Eixample,10,Sant Antoni,"13 a 13,9",1932
2020,2,Eixample,10,Sant Antoni,"14 a 14,9",240
2020,2,Eixample,10,Sant Antoni,"15 a 15,9",169
2020,2,Eixample,10,Sant Antoni,"16 a 19,9",461
2020,2,Eixample,10,Sant Antoni,20 i més cf,169
2020,3,Sants-Montjuïc,11,el Poble Sec - AEI Parc Montjuïc,Menys 8 cf,534
2020,3,Sants-Montjuïc,11,el Poble Sec - AEI Parc Montjuïc,"8 a 8,9",288
2020,3,Sants-Montjuïc,11,el Poble Sec - AEI Parc Montjuïc,"9 a 9,9",479
2020,3,Sants-Montjuïc,11,el Poble Sec - AEI Parc Montjuïc,"10 a 10,9",1272
2020,3,Sants-Montjuïc,11,el Poble Sec - AEI Parc Montjuïc,"11 a 11,9",2283
2020,3,Sants-Montjuïc,11,el Poble Sec - AEI Parc Montjuïc,"12 a 12,9",1174
2020,3,Sants-Montjuïc,11,el Poble Sec - AEI Parc Montjuïc,"13 a 13,9",1478
2020,3,Sants-Montjuïc,11,el Poble Sec - AEI Parc Montjuïc,"14 a 14,9",160
2020,3,Sants-Montjuïc,11,el Poble Sec - AEI Parc Montjuïc,"15 a 15,9",127
2020,3,Sants-Montjuïc,11,el Poble Sec - AEI Parc Montjuïc,"16 a 19,9",320
2020,3,Sants-Montjuïc,11,el Poble Sec - AEI Parc Montjuïc,20 i més cf,118
2020,3,Sants-Montjuïc,12,la Marina del Prat Vermell - AEI Zona Franca,Menys 8 cf,285
2020,3,Sants-Montjuïc,12,la Marina del Prat Vermell - AEI Zona Franca,"8 a 8,9",74
2020,3,Sants-Montjuïc,12,la Marina del Prat Vermell - AEI Zona Franca,"9 a 9,9",71
2020,3,Sants-Montjuïc,12,la Marina del Prat Vermell - AEI Zona Franca,"10 a 10,9",147
2020,3,Sants-Montjuïc,12,la Marina del Prat Vermell - AEI Zona Franca,"11 a 11,9",736
2020,3,Sants-Montjuïc,12,la Marina del Prat Vermell - AEI Zona Franca,"12 a 12,9",362
2020,3,Sants-Montjuïc,12,la Marina del Prat Vermell - AEI Zona Franca,"13 a 13,9",534
2020,3,Sants-Montjuïc,12,la Marina del Prat Vermell - AEI Zona Franca,"14 a 14,9",38
2020,3,Sants-Montjuïc,12,la Marina del Prat Vermell - AEI Zona Franca,"15 a 15,9",200
2020,3,Sants-Montjuïc,12,la Marina del Prat Vermell - AEI Zona Franca,"16 a 19,9",376
2020,3,Sants-Montjuïc,12,la Marina del Prat Vermell - AEI Zona Franca,20 i més cf,166
2020,3,Sants-Montjuïc,13,la Marina de Port,Menys 8 cf,695
2020,3,Sants-Montjuïc,13,la Marina de Port,"8 a 8,9",343
2020,3,Sants-Montjuïc,13,la Marina de Port,"9 a 9,9",535
2020,3,Sants-Montjuïc,13,la Marina de Port,"10 a 10,9",1204
2020,3,Sants-Montjuïc,13,la Marina de Port,"11 a 11,9",2348
2020,3,Sants-Montjuïc,13,la Marina de Port,"12 a 12,9",1299
2020,3,Sants-Montjuïc,13,la Marina de Port,"13 a 13,9",1839
2020,3,Sants-Montjuïc,13,la Marina de Port,"14 a 14,9",171
2020,3,Sants-Montjuïc,13,la Marina de Port,"15 a 15,9",110
2020,3,Sants-Montjuïc,13,la Marina de Port,"16 a 19,9",290
2020,3,Sants-Montjuïc,13,la Marina de Port,20 i més cf,77
2020,3,Sants-Montjuïc,14,la Font de la Guatlla,Menys 8 cf,208
2020,3,Sants-Montjuïc,14,la Font de la Guatlla,"8 a 8,9",121
2020,3,Sants-Montjuïc,14,la Font de la Guatlla,"9 a 9,9",179
2020,3,Sants-Montjuïc,14,la Font de la Guatlla,"10 a 10,9",454
2020,3,Sants-Montjuïc,14,la Font de la Guatlla,"11 a 11,9",798
2020,3,Sants-Montjuïc,14,la Font de la Guatlla,"12 a 12,9",371
2020,3,Sants-Montjuïc,14,la Font de la Guatlla,"13 a 13,9",538
2020,3,Sants-Montjuïc,14,la Font de la Guatlla,"14 a 14,9",67
2020,3,Sants-Montjuïc,14,la Font de la Guatlla,"15 a 15,9",43
2020,3,Sants-Montjuïc,14,la Font de la Guatlla,"16 a 19,9",137
2020,3,Sants-Montjuïc,14,la Font de la Guatlla,20 i més cf,36
2020,3,Sants-Montjuïc,15,Hostafrancs,Menys 8 cf,262
2020,3,Sants-Montjuïc,15,Hostafrancs,"8 a 8,9",151
2020,3,Sants-Montjuïc,15,Hostafrancs,"9 a 9,9",231
2020,3,Sants-Montjuïc,15,Hostafrancs,"10 a 10,9",554
2020,3,Sants-Montjuïc,15,Hostafrancs,"11 a 11,9",1070
2020,3,Sants-Montjuïc,15,Hostafrancs,"12 a 12,9",549
2020,3,Sants-Montjuïc,15,Hostafrancs,"13 a 13,9",823
2020,3,Sants-Montjuïc,15,Hostafrancs,"14 a 14,9",90
2020,3,Sants-Montjuïc,15,Hostafrancs,"15 a 15,9",65
2020,3,Sants-Montjuïc,15,Hostafrancs,"16 a 19,9",183
2020,3,Sants-Montjuïc,15,Hostafrancs,20 i més cf,63
2020,3,Sants-Montjuïc,16,la Bordeta,Menys 8 cf,370
2020,3,Sants-Montjuïc,16,la Bordeta,"8 a 8,9",253
2020,3,Sants-Montjuïc,16,la Bordeta,"9 a 9,9",297
2020,3,Sants-Montjuïc,16,la Bordeta,"10 a 10,9",774
2020,3,Sants-Montjuïc,16,la Bordeta,"11 a 11,9",1593
2020,3,Sants-Montjuïc,16,la Bordeta,"12 a 12,9",687
2020,3,Sants-Montjuïc,16,la Bordeta,"13 a 13,9",1037
2020,3,Sants-Montjuïc,16,la Bordeta,"14 a 14,9",106
2020,3,Sants-Montjuïc,16,la Bordeta,"15 a 15,9",81
2020,3,Sants-Montjuïc,16,la Bordeta,"16 a 19,9",156
2020,3,Sants-Montjuïc,16,la Bordeta,20 i més cf,56
2020,3,Sants-Montjuïc,17,Sants - Badal,Menys 8 cf,485
2020,3,Sants-Montjuïc,17,Sants - Badal,"8 a 8,9",301
2020,3,Sants-Montjuïc,17,Sants - Badal,"9 a 9,9",360
2020,3,Sants-Montjuïc,17,Sants - Badal,"10 a 10,9",950
2020,3,Sants-Montjuïc,17,Sants - Badal,"11 a 11,9",1749
2020,3,Sants-Montjuïc,17,Sants - Badal,"12 a 12,9",870
2020,3,Sants-Montjuïc,17,Sants - Badal,"13 a 13,9",1217
2020,3,Sants-Montjuïc,17,Sants - Badal,"14 a 14,9",116
2020,3,Sants-Montjuïc,17,Sants - Badal,"15 a 15,9",110
2020,3,Sants-Montjuïc,17,Sants - Badal,"16 a 19,9",226
2020,3,Sants-Montjuïc,17,Sants - Badal,20 i més cf,67
2020,3,Sants-Montjuïc,18,Sants,Menys 8 cf,758
2020,3,Sants-Montjuïc,18,Sants,"8 a 8,9",450
2020,3,Sants-Montjuïc,18,Sants,"9 a 9,9",631
2020,3,Sants-Montjuïc,18,Sants,"10 a 10,9",1526
2020,3,Sants-Montjuïc,18,Sants,"11 a 11,9",2779
2020,3,Sants-Montjuïc,18,Sants,"12 a 12,9",1342
2020,3,Sants-Montjuïc,18,Sants,"13 a 13,9",2027
2020,3,Sants-Montjuïc,18,Sants,"14 a 14,9",221
2020,3,Sants-Montjuïc,18,Sants,"15 a 15,9",175
2020,3,Sants-Montjuïc,18,Sants,"16 a 19,9",453
2020,3,Sants-Montjuïc,18,Sants,20 i més cf,145
2020,4,Les Corts,19,les Corts,Menys 8 cf,1359
2020,4,Les Corts,19,les Corts,"8 a 8,9",502
2020,4,Les Corts,19,les Corts,"9 a 9,9",983
2020,4,Les Corts,19,les Corts,"10 a 10,9",2302
2020,4,Les Corts,19,les Corts,"11 a 11,9",3811
2020,4,Les Corts,19,les Corts,"12 a 12,9",1701
2020,4,Les Corts,19,les Corts,"13 a 13,9",3879
2020,4,Les Corts,19,les Corts,"14 a 14,9",483
2020,4,Les Corts,19,les Corts,"15 a 15,9",353
2020,4,Les Corts,19,les Corts,"16 a 19,9",1167
2020,4,Les Corts,19,les Corts,20 i més cf,536
2020,4,Les Corts,20,la Maternitat i Sant Ramon,Menys 8 cf,636
2020,4,Les Corts,20,la Maternitat i Sant Ramon,"8 a 8,9",305
2020,4,Les Corts,20,la Maternitat i Sant Ramon,"9 a 9,9",468
2020,4,Les Corts,20,la Maternitat i Sant Ramon,"10 a 10,9",1066
2020,4,Les Corts,20,la Maternitat i Sant Ramon,"11 a 11,9",2040
2020,4,Les Corts,20,la Maternitat i Sant Ramon,"12 a 12,9",967
2020,4,Les Corts,20,la Maternitat i Sant Ramon,"13 a 13,9",1798
2020,4,Les Corts,20,la Maternitat i Sant Ramon,"14 a 14,9",202
2020,4,Les Corts,20,la Maternitat i Sant Ramon,"15 a 15,9",169
2020,4,Les Corts,20,la Maternitat i Sant Ramon,"16 a 19,9",457
2020,4,Les Corts,20,la Maternitat i Sant Ramon,20 i més cf,204
2020,4,Les Corts,21,Pedralbes,Menys 8 cf,620
2020,4,Les Corts,21,Pedralbes,"8 a 8,9",134
2020,4,Les Corts,21,Pedralbes,"9 a 9,9",272
2020,4,Les Corts,21,Pedralbes,"10 a 10,9",766
2020,4,Les Corts,21,Pedralbes,"11 a 11,9",972
2020,4,Les Corts,21,Pedralbes,"12 a 12,9",507
2020,4,Les Corts,21,Pedralbes,"13 a 13,9",1328
2020,4,Les Corts,21,Pedralbes,"14 a 14,9",158
2020,4,Les Corts,21,Pedralbes,"15 a 15,9",127
2020,4,Les Corts,21,Pedralbes,"16 a 19,9",636
2020,4,Les Corts,21,Pedralbes,20 i més cf,485
2020,5,Sarrià-Sant Gervasi,22,"Vallvidrera, el Tibidabo i les Planes",Menys 8 cf,207
2020,5,Sarrià-Sant Gervasi,22,"Vallvidrera, el Tibidabo i les Planes","8 a 8,9",64
2020,5,Sarrià-Sant Gervasi,22,"Vallvidrera, el Tibidabo i les Planes","9 a 9,9",115
2020,5,Sarrià-Sant Gervasi,22,"Vallvidrera, el Tibidabo i les Planes","10 a 10,9",315
2020,5,Sarrià-Sant Gervasi,22,"Vallvidrera, el Tibidabo i les Planes","11 a 11,9",426
2020,5,Sarrià-Sant Gervasi,22,"Vallvidrera, el Tibidabo i les Planes","12 a 12,9",185
2020,5,Sarrià-Sant Gervasi,22,"Vallvidrera, el Tibidabo i les Planes","13 a 13,9",356
2020,5,Sarrià-Sant Gervasi,22,"Vallvidrera, el Tibidabo i les Planes","14 a 14,9",60
2020,5,Sarrià-Sant Gervasi,22,"Vallvidrera, el Tibidabo i les Planes","15 a 15,9",49
2020,5,Sarrià-Sant Gervasi,22,"Vallvidrera, el Tibidabo i les Planes","16 a 19,9",110
2020,5,Sarrià-Sant Gervasi,22,"Vallvidrera, el Tibidabo i les Planes",20 i més cf,56
2020,5,Sarrià-Sant Gervasi,23,Sarrià,Menys 8 cf,938
2020,5,Sarrià-Sant Gervasi,23,Sarrià,"8 a 8,9",227
2020,5,Sarrià-Sant Gervasi,23,Sarrià,"9 a 9,9",565
2020,5,Sarrià-Sant Gervasi,23,Sarrià,"10 a 10,9",1275
2020,5,Sarrià-Sant Gervasi,23,Sarrià,"11 a 11,9",1863
2020,5,Sarrià-Sant Gervasi,23,Sarrià,"12 a 12,9",840
2020,5,Sarrià-Sant Gervasi,23,Sarrià,"13 a 13,9",2201
2020,5,Sarrià-Sant Gervasi,23,Sarrià,"14 a 14,9",216
2020,5,Sarrià-Sant Gervasi,23,Sarrià,"15 a 15,9",205
2020,5,Sarrià-Sant Gervasi,23,Sarrià,"16 a 19,9",737
2020,5,Sarrià-Sant Gervasi,23,Sarrià,20 i més cf,455
2020,5,Sarrià-Sant Gervasi,24,les Tres Torres,Menys 8 cf,783
2020,5,Sarrià-Sant Gervasi,24,les Tres Torres,"8 a 8,9",154
2020,5,Sarrià-Sant Gervasi,24,les Tres Torres,"9 a 9,9",420
2020,5,Sarrià-Sant Gervasi,24,les Tres Torres,"10 a 10,9",917
2020,5,Sarrià-Sant Gervasi,24,les Tres Torres,"11 a 11,9",1271
2020,5,Sarrià-Sant Gervasi,24,les Tres Torres,"12 a 12,9",590
2020,5,Sarrià-Sant Gervasi,24,les Tres Torres,"13 a 13,9",1774
2020,5,Sarrià-Sant Gervasi,24,les Tres Torres,"14 a 14,9",174
2020,5,Sarrià-Sant Gervasi,24,les Tres Torres,"15 a 15,9",145
2020,5,Sarrià-Sant Gervasi,24,les Tres Torres,"16 a 19,9",700
2020,5,Sarrià-Sant Gervasi,24,les Tres Torres,20 i més cf,456
2020,5,Sarrià-Sant Gervasi,25,Sant Gervasi - la Bonanova,Menys 8 cf,997
2020,5,Sarrià-Sant Gervasi,25,Sant Gervasi - la Bonanova,"8 a 8,9",272
2020,5,Sarrià-Sant Gervasi,25,Sant Gervasi - la Bonanova,"9 a 9,9",512
2020,5,Sarrià-Sant Gervasi,25,Sant Gervasi - la Bonanova,"10 a 10,9",1347
2020,5,Sarrià-Sant Gervasi,25,Sant Gervasi - la Bonanova,"11 a 11,9",1881
2020,5,Sarrià-Sant Gervasi,25,Sant Gervasi - la Bonanova,"12 a 12,9",898
2020,5,Sarrià-Sant Gervasi,25,Sant Gervasi - la Bonanova,"13 a 13,9",2431
2020,5,Sarrià-Sant Gervasi,25,Sant Gervasi - la Bonanova,"14 a 14,9",250
2020,5,Sarrià-Sant Gervasi,25,Sant Gervasi - la Bonanova,"15 a 15,9",209
2020,5,Sarrià-Sant Gervasi,25,Sant Gervasi - la Bonanova,"16 a 19,9",898
2020,5,Sarrià-Sant Gervasi,25,Sant Gervasi - la Bonanova,20 i més cf,547
2020,5,Sarrià-Sant Gervasi,26,Sant Gervasi - Galvany,Menys 8 cf,1839
2020,5,Sarrià-Sant Gervasi,26,Sant Gervasi - Galvany,"8 a 8,9",419
2020,5,Sarrià-Sant Gervasi,26,Sant Gervasi - Galvany,"9 a 9,9",1083
2020,5,Sarrià-Sant Gervasi,26,Sant Gervasi - Galvany,"10 a 10,9",2605
2020,5,Sarrià-Sant Gervasi,26,Sant Gervasi - Galvany,"11 a 11,9",3757
2020,5,Sarrià-Sant Gervasi,26,Sant Gervasi - Galvany,"12 a 12,9",1876
2020,5,Sarrià-Sant Gervasi,26,Sant Gervasi - Galvany,"13 a 13,9",4825
2020,5,Sarrià-Sant Gervasi,26,Sant Gervasi - Galvany,"14 a 14,9",583
2020,5,Sarrià-Sant Gervasi,26,Sant Gervasi - Galvany,"15 a 15,9",468
2020,5,Sarrià-Sant Gervasi,26,Sant Gervasi - Galvany,"16 a 19,9",2033
2020,5,Sarrià-Sant Gervasi,26,Sant Gervasi - Galvany,20 i més cf,1291
2020,5,Sarrià-Sant Gervasi,27,el Putxet i el Farró,Menys 8 cf,804
2020,5,Sarrià-Sant Gervasi,27,el Putxet i el Farró,"8 a 8,9",341
2020,5,Sarrià-Sant Gervasi,27,el Putxet i el Farró,"9 a 9,9",561
2020,5,Sarrià-Sant Gervasi,27,el Putxet i el Farró,"10 a 10,9",1430
2020,5,Sarrià-Sant Gervasi,27,el Putxet i el Farró,"11 a 11,9",2173
2020,5,Sarrià-Sant Gervasi,27,el Putxet i el Farró,"12 a 12,9",983
2020,5,Sarrià-Sant Gervasi,27,el Putxet i el Farró,"13 a 13,9",1982
2020,5,Sarrià-Sant Gervasi,27,el Putxet i el Farró,"14 a 14,9",243
2020,5,Sarrià-Sant Gervasi,27,el Putxet i el Farró,"15 a 15,9",212
2020,5,Sarrià-Sant Gervasi,27,el Putxet i el Farró,"16 a 19,9",575
2020,5,Sarrià-Sant Gervasi,27,el Putxet i el Farró,20 i més cf,300
2020,6,Gràcia,28,Vallcarca i els Penitents,Menys 8 cf,482
2020,6,Gràcia,28,Vallcarca i els Penitents,"8 a 8,9",183
2020,6,Gràcia,28,Vallcarca i els Penitents,"9 a 9,9",316
2020,6,Gràcia,28,Vallcarca i els Penitents,"10 a 10,9",806
2020,6,Gràcia,28,Vallcarca i els Penitents,"11 a 11,9",1293
2020,6,Gràcia,28,Vallcarca i els Penitents,"12 a 12,9",623
2020,6,Gràcia,28,Vallcarca i els Penitents,"13 a 13,9",1073
2020,6,Gràcia,28,Vallcarca i els Penitents,"14 a 14,9",138
2020,6,Gràcia,28,Vallcarca i els Penitents,"15 a 15,9",112
2020,6,Gràcia,28,Vallcarca i els Penitents,"16 a 19,9",283
2020,6,Gràcia,28,Vallcarca i els Penitents,20 i més cf,96
2020,6,Gràcia,29,el Coll,Menys 8 cf,181
2020,6,Gràcia,29,el Coll,"8 a 8,9",76
2020,6,Gràcia,29,el Coll,"9 a 9,9",102
2020,6,Gràcia,29,el Coll,"10 a 10,9",302
2020,6,Gràcia,29,el Coll,"11 a 11,9",562
2020,6,Gràcia,29,el Coll,"12 a 12,9",269
2020,6,Gràcia,29,el Coll,"13 a 13,9",416
2020,6,Gràcia,29,el Coll,"14 a 14,9",42
2020,6,Gràcia,29,el Coll,"15 a 15,9",29
2020,6,Gràcia,29,el Coll,"16 a 19,9",81
2020,6,Gràcia,29,el Coll,20 i més cf,25
2020,6,Gràcia,30,la Salut,Menys 8 cf,324
2020,6,Gràcia,30,la Salut,"8 a 8,9",158
2020,6,Gràcia,30,la Salut,"9 a 9,9",267
2020,6,Gràcia,30,la Salut,"10 a 10,9",601
2020,6,Gràcia,30,la Salut,"11 a 11,9",1048
2020,6,Gràcia,30,la Salut,"12 a 12,9",478
2020,6,Gràcia,30,la Salut,"13 a 13,9",875
2020,6,Gràcia,30,la Salut,"14 a 14,9",97
2020,6,Gràcia,30,la Salut,"15 a 15,9",80
2020,6,Gràcia,30,la Salut,"16 a 19,9",189
2020,6,Gràcia,30,la Salut,20 i més cf,78
2020,6,Gràcia,31,la Vila de Gràcia,Menys 8 cf,936
2020,6,Gràcia,31,la Vila de Gràcia,"8 a 8,9",515
2020,6,Gràcia,31,la Vila de Gràcia,"9 a 9,9",709
2020,6,Gràcia,31,la Vila de Gràcia,"10 a 10,9",1825
2020,6,Gràcia,31,la Vila de Gràcia,"11 a 11,9",3070
2020,6,Gràcia,31,la Vila de Gràcia,"12 a 12,9",1440
2020,6,Gràcia,31,la Vila de Gràcia,"13 a 13,9",2282
2020,6,Gràcia,31,la Vila de Gràcia,"14 a 14,9",292
2020,6,Gràcia,31,la Vila de Gràcia,"15 a 15,9",237
2020,6,Gràcia,31,la Vila de Gràcia,"16 a 19,9",587
2020,6,Gràcia,31,la Vila de Gràcia,20 i més cf,230
2020,6,Gràcia,32,el Camp d'en Grassot i Gràcia Nova,Menys 8 cf,764
2020,6,Gràcia,32,el Camp d'en Grassot i Gràcia Nova,"8 a 8,9",379
2020,6,Gràcia,32,el Camp d'en Grassot i Gràcia Nova,"9 a 9,9",578
2020,6,Gràcia,32,el Camp d'en Grassot i Gràcia Nova,"10 a 10,9",1472
2020,6,Gràcia,32,el Camp d'en Grassot i Gràcia Nova,"11 a 11,9",2617
2020,6,Gràcia,32,el Camp d'en Grassot i Gràcia Nova,"12 a 12,9",1155
2020,6,Gràcia,32,el Camp d'en Grassot i Gràcia Nova,"13 a 13,9",1938
2020,6,Gràcia,32,el Camp d'en Grassot i Gràcia Nova,"14 a 14,9",244
2020,6,Gràcia,32,el Camp d'en Grassot i Gràcia Nova,"15 a 15,9",191
2020,6,Gràcia,32,el Camp d'en Grassot i Gràcia Nova,"16 a 19,9",441
2020,6,Gràcia,32,el Camp d'en Grassot i Gràcia Nova,20 i més cf,122
2020,7,Horta-Guinardó,33,el Baix Guinardó,Menys 8 cf,512
2020,7,Horta-Guinardó,33,el Baix Guinardó,"8 a 8,9",258
2020,7,Horta-Guinardó,33,el Baix Guinardó,"9 a 9,9",428
2020,7,Horta-Guinardó,33,el Baix Guinardó,"10 a 10,9",1020
2020,7,Horta-Guinardó,33,el Baix Guinardó,"11 a 11,9",1952
2020,7,Horta-Guinardó,33,el Baix Guinardó,"12 a 12,9",880
2020,7,Horta-Guinardó,33,el Baix Guinardó,"13 a 13,9",1339
2020,7,Horta-Guinardó,33,el Baix Guinardó,"14 a 14,9",182
2020,7,Horta-Guinardó,33,el Baix Guinardó,"15 a 15,9",121
2020,7,Horta-Guinardó,33,el Baix Guinardó,"16 a 19,9",276
2020,7,Horta-Guinardó,33,el Baix Guinardó,20 i més cf,72
2020,7,Horta-Guinardó,34,Can Baró,Menys 8 cf,227
2020,7,Horta-Guinardó,34,Can Baró,"8 a 8,9",109
2020,7,Horta-Guinardó,34,Can Baró,"9 a 9,9",135
2020,7,Horta-Guinardó,34,Can Baró,"10 a 10,9",410
2020,7,Horta-Guinardó,34,Can Baró,"11 a 11,9",753
2020,7,Horta-Guinardó,34,Can Baró,"12 a 12,9",345
2020,7,Horta-Guinardó,34,Can Baró,"13 a 13,9",498
2020,7,Horta-Guinardó,34,Can Baró,"14 a 14,9",59
2020,7,Horta-Guinardó,34,Can Baró,"15 a 15,9",43
2020,7,Horta-Guinardó,34,Can Baró,"16 a 19,9",116
2020,7,Horta-Guinardó,34,Can Baró,20 i més cf,25
2020,7,Horta-Guinardó,35,el Guinardó,Menys 8 cf,767
2020,7,Horta-Guinardó,35,el Guinardó,"8 a 8,9",424
2020,7,Horta-Guinardó,35,el Guinardó,"9 a 9,9",631
2020,7,Horta-Guinardó,35,el Guinardó,"10 a 10,9",1556
2020,7,Horta-Guinardó,35,el Guinardó,"11 a 11,9",2890
2020,7,Horta-Guinardó,35,el Guinardó,"12 a 12,9",1309
2020,7,Horta-Guinardó,35,el Guinardó,"13 a 13,9",1957
2020,7,Horta-Guinardó,35,el Guinardó,"14 a 14,9",206
2020,7,Horta-Guinardó,35,el Guinardó,"15 a 15,9",180
2020,7,Horta-Guinardó,35,el Guinardó,"16 a 19,9",392
2020,7,Horta-Guinardó,35,el Guinardó,20 i més cf,106
2020,7,Horta-Guinardó,36,la Font d'en Fargues,Menys 8 cf,254
2020,7,Horta-Guinardó,36,la Font d'en Fargues,"8 a 8,9",157
2020,7,Horta-Guinardó,36,la Font d'en Fargues,"9 a 9,9",209
2020,7,Horta-Guinardó,36,la Font d'en Fargues,"10 a 10,9",495
2020,7,Horta-Guinardó,36,la Font d'en Fargues,"11 a 11,9",914
2020,7,Horta-Guinardó,36,la Font d'en Fargues,"12 a 12,9",423
2020,7,Horta-Guinardó,36,la Font d'en Fargues,"13 a 13,9",648
2020,7,Horta-Guinardó,36,la Font d'en Fargues,"14 a 14,9",78
2020,7,Horta-Guinardó,36,la Font d'en Fargues,"15 a 15,9",56
2020,7,Horta-Guinardó,36,la Font d'en Fargues,"16 a 19,9",147
2020,7,Horta-Guinardó,36,la Font d'en Fargues,20 i més cf,57
2020,7,Horta-Guinardó,37,el Carmel,Menys 8 cf,624
2020,7,Horta-Guinardó,37,el Carmel,"8 a 8,9",335
2020,7,Horta-Guinardó,37,el Carmel,"9 a 9,9",453
2020,7,Horta-Guinardó,37,el Carmel,"10 a 10,9",1215
2020,7,Horta-Guinardó,37,el Carmel,"11 a 11,9",2568
2020,7,Horta-Guinardó,37,el Carmel,"12 a 12,9",1362
2020,7,Horta-Guinardó,37,el Carmel,"13 a 13,9",1565
2020,7,Horta-Guinardó,37,el Carmel,"14 a 14,9",165
2020,7,Horta-Guinardó,37,el Carmel,"15 a 15,9",95
2020,7,Horta-Guinardó,37,el Carmel,"16 a 19,9",195
2020,7,Horta-Guinardó,37,el Carmel,20 i més cf,45
2020,7,Horta-Guinardó,38,la Teixonera,Menys 8 cf,276
2020,7,Horta-Guinardó,38,la Teixonera,"8 a 8,9",124
2020,7,Horta-Guinardó,38,la Teixonera,"9 a 9,9",236
2020,7,Horta-Guinardó,38,la Teixonera,"10 a 10,9",479
2020,7,Horta-Guinardó,38,la Teixonera,"11 a 11,9",997
2020,7,Horta-Guinardó,38,la Teixonera,"12 a 12,9",465
2020,7,Horta-Guinardó,38,la Teixonera,"13 a 13,9",624
2020,7,Horta-Guinardó,38,la Teixonera,"14 a 14,9",59
2020,7,Horta-Guinardó,38,la Teixonera,"15 a 15,9",52
2020,7,Horta-Guinardó,38,la Teixonera,"16 a 19,9",97
2020,7,Horta-Guinardó,38,la Teixonera,20 i més cf,27
2020,7,Horta-Guinardó,39,Sant Genís dels Agudells,Menys 8 cf,172
2020,7,Horta-Guinardó,39,Sant Genís dels Agudells,"8 a 8,9",88
2020,7,Horta-Guinardó,39,Sant Genís dels Agudells,"9 a 9,9",165
2020,7,Horta-Guinardó,39,Sant Genís dels Agudells,"10 a 10,9",315
2020,7,Horta-Guinardó,39,Sant Genís dels Agudells,"11 a 11,9",644
2020,7,Horta-Guinardó,39,Sant Genís dels Agudells,"12 a 12,9",303
2020,7,Horta-Guinardó,39,Sant Genís dels Agudells,"13 a 13,9",370
2020,7,Horta-Guinardó,39,Sant Genís dels Agudells,"14 a 14,9",41
2020,7,Horta-Guinardó,39,Sant Genís dels Agudells,"15 a 15,9",23
2020,7,Horta-Guinardó,39,Sant Genís dels Agudells,"16 a 19,9",61
2020,7,Horta-Guinardó,39,Sant Genís dels Agudells,20 i més cf,27
2020,7,Horta-Guinardó,40,Montbau,Menys 8 cf,119
2020,7,Horta-Guinardó,40,Montbau,"8 a 8,9",58
2020,7,Horta-Guinardó,40,Montbau,"9 a 9,9",97
2020,7,Horta-Guinardó,40,Montbau,"10 a 10,9",267
2020,7,Horta-Guinardó,40,Montbau,"11 a 11,9",443
2020,7,Horta-Guinardó,40,Montbau,"12 a 12,9",218
2020,7,Horta-Guinardó,40,Montbau,"13 a 13,9",285
2020,7,Horta-Guinardó,40,Montbau,"14 a 14,9",36
2020,7,Horta-Guinardó,40,Montbau,"15 a 15,9",23
2020,7,Horta-Guinardó,40,Montbau,"16 a 19,9",42
2020,7,Horta-Guinardó,40,Montbau,20 i més cf,9
2020,7,Horta-Guinardó,41,la Vall d'Hebron,Menys 8 cf,171
2020,7,Horta-Guinardó,41,la Vall d'Hebron,"8 a 8,9",77
2020,7,Horta-Guinardó,41,la Vall d'Hebron,"9 a 9,9",137
2020,7,Horta-Guinardó,41,la Vall d'Hebron,"10 a 10,9",281
2020,7,Horta-Guinardó,41,la Vall d'Hebron,"11 a 11,9",582
2020,7,Horta-Guinardó,41,la Vall d'Hebron,"12 a 12,9",273
2020,7,Horta-Guinardó,41,la Vall d'Hebron,"13 a 13,9",380
2020,7,Horta-Guinardó,41,la Vall d'Hebron,"14 a 14,9",61
2020,7,Horta-Guinardó,41,la Vall d'Hebron,"15 a 15,9",28
2020,7,Horta-Guinardó,41,la Vall d'Hebron,"16 a 19,9",68
2020,7,Horta-Guinardó,41,la Vall d'Hebron,20 i més cf,14
2020,7,Horta-Guinardó,42,la Clota,Menys 8 cf,19
2020,7,Horta-Guinardó,42,la Clota,"8 a 8,9",6
2020,7,Horta-Guinardó,42,la Clota,"9 a 9,9",9
2020,7,Horta-Guinardó,42,la Clota,"10 a 10,9",25
2020,7,Horta-Guinardó,42,la Clota,"11 a 11,9",62
2020,7,Horta-Guinardó,42,la Clota,"12 a 12,9",23
2020,7,Horta-Guinardó,42,la Clota,"13 a 13,9",26
2020,7,Horta-Guinardó,42,la Clota,"14 a 14,9",5
2020,7,Horta-Guinardó,42,la Clota,"15 a 15,9",7
2020,7,Horta-Guinardó,42,la Clota,"16 a 19,9",8
2020,7,Horta-Guinardó,42,la Clota,20 i més cf,2
2020,7,Horta-Guinardó,43,Horta,Menys 8 cf,637
2020,7,Horta-Guinardó,43,Horta,"8 a 8,9",308
2020,7,Horta-Guinardó,43,Horta,"9 a 9,9",527
2020,7,Horta-Guinardó,43,Horta,"10 a 10,9",1161
2020,7,Horta-Guinardó,43,Horta,"11 a 11,9",2323
2020,7,Horta-Guinardó,43,Horta,"12 a 12,9",1054
2020,7,Horta-Guinardó,43,Horta,"13 a 13,9",1405
2020,7,Horta-Guinardó,43,Horta,"14 a 14,9",148
2020,7,Horta-Guinardó,43,Horta,"15 a 15,9",116
2020,7,Horta-Guinardó,43,Horta,"16 a 19,9",264
2020,7,Horta-Guinardó,43,Horta,20 i més cf,64
2020,8,Nou Barris,44,Vilapicina i la Torre Llobeta,Menys 8 cf,476
2020,8,Nou Barris,44,Vilapicina i la Torre Llobeta,"8 a 8,9",285
2020,8,Nou Barris,44,Vilapicina i la Torre Llobeta,"9 a 9,9",430
2020,8,Nou Barris,44,Vilapicina i la Torre Llobeta,"10 a 10,9",921
2020,8,Nou Barris,44,Vilapicina i la Torre Llobeta,"11 a 11,9",2011
2020,8,Nou Barris,44,Vilapicina i la Torre Llobeta,"12 a 12,9",919
2020,8,Nou Barris,44,Vilapicina i la Torre Llobeta,"13 a 13,9",1397
2020,8,Nou Barris,44,Vilapicina i la Torre Llobeta,"14 a 14,9",155
2020,8,Nou Barris,44,Vilapicina i la Torre Llobeta,"15 a 15,9",96
2020,8,Nou Barris,44,Vilapicina i la Torre Llobeta,"16 a 19,9",239
2020,8,Nou Barris,44,Vilapicina i la Torre Llobeta,20 i més cf,69
2020,8,Nou Barris,45,Porta,Menys 8 cf,454
2020,8,Nou Barris,45,Porta,"8 a 8,9",245
2020,8,Nou Barris,45,Porta,"9 a 9,9",375
2020,8,Nou Barris,45,Porta,"10 a 10,9",924
2020,8,Nou Barris,45,Porta,"11 a 11,9",1940
2020,8,Nou Barris,45,Porta,"12 a 12,9",940
2020,8,Nou Barris,45,Porta,"13 a 13,9",1242
2020,8,Nou Barris,45,Porta,"14 a 14,9",132
2020,8,Nou Barris,45,Porta,"15 a 15,9",94
2020,8,Nou Barris,45,Porta,"16 a 19,9",196
2020,8,Nou Barris,45,Porta,20 i més cf,51
2020,8,Nou Barris,46,el Turó de la Peira,Menys 8 cf,246
2020,8,Nou Barris,46,el Turó de la Peira,"8 a 8,9",119
2020,8,Nou Barris,46,el Turó de la Peira,"9 a 9,9",216
2020,8,Nou Barris,46,el Turó de la Peira,"10 a 10,9",474
2020,8,Nou Barris,46,el Turó de la Peira,"11 a 11,9",1010
2020,8,Nou Barris,46,el Turó de la Peira,"12 a 12,9",505
2020,8,Nou Barris,46,el Turó de la Peira,"13 a 13,9",578
2020,8,Nou Barris,46,el Turó de la Peira,"14 a 14,9",55
2020,8,Nou Barris,46,el Turó de la Peira,"15 a 15,9",37
2020,8,Nou Barris,46,el Turó de la Peira,"16 a 19,9",99
2020,8,Nou Barris,46,el Turó de la Peira,20 i més cf,28
2020,8,Nou Barris,47,Can Peguera,Menys 8 cf,42
2020,8,Nou Barris,47,Can Peguera,"8 a 8,9",31
2020,8,Nou Barris,47,Can Peguera,"9 a 9,9",31
2020,8,Nou Barris,47,Can Peguera,"10 a 10,9",90
2020,8,Nou Barris,47,Can Peguera,"11 a 11,9",163
2020,8,Nou Barris,47,Can Peguera,"12 a 12,9",93
2020,8,Nou Barris,47,Can Peguera,"13 a 13,9",94
2020,8,Nou Barris,47,Can Peguera,"14 a 14,9",11
2020,8,Nou Barris,47,Can Peguera,"15 a 15,9",11
2020,8,Nou Barris,47,Can Peguera,"16 a 19,9",14
2020,8,Nou Barris,47,Can Peguera,20 i més cf,6
2020,8,Nou Barris,48,la Guineueta,Menys 8 cf,374
2020,8,Nou Barris,48,la Guineueta,"8 a 8,9",155
2020,8,Nou Barris,48,la Guineueta,"9 a 9,9",319
2020,8,Nou Barris,48,la Guineueta,"10 a 10,9",658
2020,8,Nou Barris,48,la Guineueta,"11 a 11,9",1361
2020,8,Nou Barris,48,la Guineueta,"12 a 12,9",654
2020,8,Nou Barris,48,la Guineueta,"13 a 13,9",899
2020,8,Nou Barris,48,la Guineueta,"14 a 14,9",102
2020,8,Nou Barris,48,la Guineueta,"15 a 15,9",74
2020,8,Nou Barris,48,la Guineueta,"16 a 19,9",115
2020,8,Nou Barris,48,la Guineueta,20 i més cf,33
2020,8,Nou Barris,49,Canyelles,Menys 8 cf,172
2020,8,Nou Barris,49,Canyelles,"8 a 8,9",88
2020,8,Nou Barris,49,Canyelles,"9 a 9,9",140
2020,8,Nou Barris,49,Canyelles,"10 a 10,9",327
2020,8,Nou Barris,49,Canyelles,"11 a 11,9",766
2020,8,Nou Barris,49,Canyelles,"12 a 12,9",441
2020,8,Nou Barris,49,Canyelles,"13 a 13,9",491
2020,8,Nou Barris,49,Canyelles,"14 a 14,9",52
2020,8,Nou Barris,49,Canyelles,"15 a 15,9",38
2020,8,Nou Barris,49,Canyelles,"16 a 19,9",55
2020,8,Nou Barris,49,Canyelles,20 i més cf,14
2020,8,Nou Barris,50,les Roquetes,Menys 8 cf,280
2020,8,Nou Barris,50,les Roquetes,"8 a 8,9",138
2020,8,Nou Barris,50,les Roquetes,"9 a 9,9",229
2020,8,Nou Barris,50,les Roquetes,"10 a 10,9",618
2020,8,Nou Barris,50,les Roquetes,"11 a 11,9",1313
2020,8,Nou Barris,50,les Roquetes,"12 a 12,9",803
2020,8,Nou Barris,50,les Roquetes,"13 a 13,9",811
2020,8,Nou Barris,50,les Roquetes,"14 a 14,9",79
2020,8,Nou Barris,50,les Roquetes,"15 a 15,9",51
2020,8,Nou Barris,50,les Roquetes,"16 a 19,9",123
2020,8,Nou Barris,50,les Roquetes,20 i més cf,26
2020,8,Nou Barris,51,Verdun,Menys 8 cf,248
2020,8,Nou Barris,51,Verdun,"8 a 8,9",114
2020,8,Nou Barris,51,Verdun,"9 a 9,9",185
2020,8,Nou Barris,51,Verdun,"10 a 10,9",437
2020,8,Nou Barris,51,Verdun,"11 a 11,9",884
2020,8,Nou Barris,51,Verdun,"12 a 12,9",532
2020,8,Nou Barris,51,Verdun,"13 a 13,9",548
2020,8,Nou Barris,51,Verdun,"14 a 14,9",59
2020,8,Nou Barris,51,Verdun,"15 a 15,9",39
2020,8,Nou Barris,51,Verdun,"16 a 19,9",103
2020,8,Nou Barris,51,Verdun,20 i més cf,22
2020,8,Nou Barris,52,la Prosperitat,Menys 8 cf,568
2020,8,Nou Barris,52,la Prosperitat,"8 a 8,9",236
2020,8,Nou Barris,52,la Prosperitat,"9 a 9,9",414
2020,8,Nou Barris,52,la Prosperitat,"10 a 10,9",1014
2020,8,Nou Barris,52,la Prosperitat,"11 a 11,9",2145
2020,8,Nou Barris,52,la Prosperitat,"12 a 12,9",1169
2020,8,Nou Barris,52,la Prosperitat,"13 a 13,9",1361
2020,8,Nou Barris,52,la Prosperitat,"14 a 14,9",140
2020,8,Nou Barris,52,la Prosperitat,"15 a 15,9",92
2020,8,Nou Barris,52,la Prosperitat,"16 a 19,9",240
2020,8,Nou Barris,52,la Prosperitat,20 i més cf,58
2020,8,Nou Barris,53,la Trinitat Nova,Menys 8 cf,135
2020,8,Nou Barris,53,la Trinitat Nova,"8 a 8,9",73
2020,8,Nou Barris,53,la Trinitat Nova,"9 a 9,9",86
2020,8,Nou Barris,53,la Trinitat Nova,"10 a 10,9",263
2020,8,Nou Barris,53,la Trinitat Nova,"11 a 11,9",534
2020,8,Nou Barris,53,la Trinitat Nova,"12 a 12,9",307
2020,8,Nou Barris,53,la Trinitat Nova,"13 a 13,9",303
2020,8,Nou Barris,53,la Trinitat Nova,"14 a 14,9",31
2020,8,Nou Barris,53,la Trinitat Nova,"15 a 15,9",21
2020,8,Nou Barris,53,la Trinitat Nova,"16 a 19,9",60
2020,8,Nou Barris,53,la Trinitat Nova,20 i més cf,16
2020,8,Nou Barris,54,Torre Baró,Menys 8 cf,73
2020,8,Nou Barris,54,Torre Baró,"8 a 8,9",30
2020,8,Nou Barris,54,Torre Baró,"9 a 9,9",64
2020,8,Nou Barris,54,Torre Baró,"10 a 10,9",116
2020,8,Nou Barris,54,Torre Baró,"11 a 11,9",213
2020,8,Nou Barris,54,Torre Baró,"12 a 12,9",156
2020,8,Nou Barris,54,Torre Baró,"13 a 13,9",171
2020,8,Nou Barris,54,Torre Baró,"14 a 14,9",21
2020,8,Nou Barris,54,Torre Baró,"15 a 15,9",11
2020,8,Nou Barris,54,Torre Baró,"16 a 19,9",24
2020,8,Nou Barris,54,Torre Baró,20 i més cf,11
2020,8,Nou Barris,55,Ciutat Meridiana,Menys 8 cf,165
2020,8,Nou Barris,55,Ciutat Meridiana,"8 a 8,9",95
2020,8,Nou Barris,55,Ciutat Meridiana,"9 a 9,9",144
2020,8,Nou Barris,55,Ciutat Meridiana,"10 a 10,9",337
2020,8,Nou Barris,55,Ciutat Meridiana,"11 a 11,9",822
2020,8,Nou Barris,55,Ciutat Meridiana,"12 a 12,9",461
2020,8,Nou Barris,55,Ciutat Meridiana,"13 a 13,9",481
2020,8,Nou Barris,55,Ciutat Meridiana,"14 a 14,9",57
2020,8,Nou Barris,55,Ciutat Meridiana,"15 a 15,9",34
2020,8,Nou Barris,55,Ciutat Meridiana,"16 a 19,9",62
2020,8,Nou Barris,55,Ciutat Meridiana,20 i més cf,12
2020,8,Nou Barris,56,Vallbona,Menys 8 cf,30
2020,8,Nou Barris,56,Vallbona,"8 a 8,9",20
2020,8,Nou Barris,56,Vallbona,"9 a 9,9",22
2020,8,Nou Barris,56,Vallbona,"10 a 10,9",60
2020,8,Nou Barris,56,Vallbona,"11 a 11,9",129
2020,8,Nou Barris,56,Vallbona,"12 a 12,9",79
2020,8,Nou Barris,56,Vallbona,"13 a 13,9",73
2020,8,Nou Barris,56,Vallbona,"14 a 14,9",8
2020,8,Nou Barris,56,Vallbona,"15 a 15,9",11
2020,8,Nou Barris,56,Vallbona,"16 a 19,9",16
2020,8,Nou Barris,56,Vallbona,20 i més cf,4
2020,9,Sant Andreu,57,la Trinitat Vella,Menys 8 cf,169
2020,9,Sant Andreu,57,la Trinitat Vella,"8 a 8,9",99
2020,9,Sant Andreu,57,la Trinitat Vella,"9 a 9,9",137
2020,9,Sant Andreu,57,la Trinitat Vella,"10 a 10,9",354
2020,9,Sant Andreu,57,la Trinitat Vella,"11 a 11,9",773
2020,9,Sant Andreu,57,la Trinitat Vella,"12 a 12,9",456
2020,9,Sant Andreu,57,la Trinitat Vella,"13 a 13,9",533
2020,9,Sant Andreu,57,la Trinitat Vella,"14 a 14,9",56
2020,9,Sant Andreu,57,la Trinitat Vella,"15 a 15,9",26
2020,9,Sant Andreu,57,la Trinitat Vella,"16 a 19,9",109
2020,9,Sant Andreu,57,la Trinitat Vella,20 i més cf,12
2020,9,Sant Andreu,58,Baró de Viver,Menys 8 cf,48
2020,9,Sant Andreu,58,Baró de Viver,"8 a 8,9",29
2020,9,Sant Andreu,58,Baró de Viver,"9 a 9,9",52
2020,9,Sant Andreu,58,Baró de Viver,"10 a 10,9",113
2020,9,Sant Andreu,58,Baró de Viver,"11 a 11,9",205
2020,9,Sant Andreu,58,Baró de Viver,"12 a 12,9",103
2020,9,Sant Andreu,58,Baró de Viver,"13 a 13,9",142
2020,9,Sant Andreu,58,Baró de Viver,"14 a 14,9",7
2020,9,Sant Andreu,58,Baró de Viver,"15 a 15,9",3
2020,9,Sant Andreu,58,Baró de Viver,"16 a 19,9",21
2020,9,Sant Andreu,58,Baró de Viver,20 i més cf,4
2020,9,Sant Andreu,59,el Bon Pastor,Menys 8 cf,361
2020,9,Sant Andreu,59,el Bon Pastor,"8 a 8,9",308
2020,9,Sant Andreu,59,el Bon Pastor,"9 a 9,9",222
2020,9,Sant Andreu,59,el Bon Pastor,"10 a 10,9",585
2020,9,Sant Andreu,59,el Bon Pastor,"11 a 11,9",1548
2020,9,Sant Andreu,59,el Bon Pastor,"12 a 12,9",524
2020,9,Sant Andreu,59,el Bon Pastor,"13 a 13,9",859
2020,9,Sant Andreu,59,el Bon Pastor,"14 a 14,9",89
2020,9,Sant Andreu,59,el Bon Pastor,"15 a 15,9",65
2020,9,Sant Andreu,59,el Bon Pastor,"16 a 19,9",189
2020,9,Sant Andreu,59,el Bon Pastor,20 i més cf,58
2020,9,Sant Andreu,60,Sant Andreu,Menys 8 cf,1221
2020,9,Sant Andreu,60,Sant Andreu,"8 a 8,9",781
2020,9,Sant Andreu,60,Sant Andreu,"9 a 9,9",1004
2020,9,Sant Andreu,60,Sant Andreu,"10 a 10,9",2588
2020,9,Sant Andreu,60,Sant Andreu,"11 a 11,9",5167
2020,9,Sant Andreu,60,Sant Andreu,"12 a 12,9",2271
2020,9,Sant Andreu,60,Sant Andreu,"13 a 13,9",3556
2020,9,Sant Andreu,60,Sant Andreu,"14 a 14,9",455
2020,9,Sant Andreu,60,Sant Andreu,"15 a 15,9",270
2020,9,Sant Andreu,60,Sant Andreu,"16 a 19,9",562
2020,9,Sant Andreu,60,Sant Andreu,20 i més cf,133
2020,9,Sant Andreu,61,la Sagrera,Menys 8 cf,569
2020,9,Sant Andreu,61,la Sagrera,"8 a 8,9",313
2020,9,Sant Andreu,61,la Sagrera,"9 a 9,9",461
2020,9,Sant Andreu,61,la Sagrera,"10 a 10,9",1199
2020,9,Sant Andreu,61,la Sagrera,"11 a 11,9",2588
2020,9,Sant Andreu,61,la Sagrera,"12 a 12,9",1169
2020,9,Sant Andreu,61,la Sagrera,"13 a 13,9",1555
2020,9,Sant Andreu,61,la Sagrera,"14 a 14,9",178
2020,9,Sant Andreu,61,la Sagrera,"15 a 15,9",118
2020,9,Sant Andreu,61,la Sagrera,"16 a 19,9",265
2020,9,Sant Andreu,61,la Sagrera,20 i més cf,66
2020,9,Sant Andreu,62,el Congrés i els Indians,Menys 8 cf,277
2020,9,Sant Andreu,62,el Congrés i els Indians,"8 a 8,9",160
2020,9,Sant Andreu,62,el Congrés i els Indians,"9 a 9,9",237
2020,9,Sant Andreu,62,el Congrés i els Indians,"10 a 10,9",599
2020,9,Sant Andreu,62,el Congrés i els Indians,"11 a 11,9",1087
2020,9,Sant Andreu,62,el Congrés i els Indians,"12 a 12,9",480
2020,9,Sant Andreu,62,el Congrés i els Indians,"13 a 13,9",633
2020,9,Sant Andreu,62,el Congrés i els Indians,"14 a 14,9",83
2020,9,Sant Andreu,62,el Congrés i els Indians,"15 a 15,9",54
2020,9,Sant Andreu,62,el Congrés i els Indians,"16 a 19,9",125
2020,9,Sant Andreu,62,el Congrés i els Indians,20 i més cf,37
2020,9,Sant Andreu,63,Navas,Menys 8 cf,431
2020,9,Sant Andreu,63,Navas,"8 a 8,9",258
2020,9,Sant Andreu,63,Navas,"9 a 9,9",375
2020,9,Sant Andreu,63,Navas,"10 a 10,9",916
2020,9,Sant Andreu,63,Navas,"11 a 11,9",1769
2020,9,Sant Andreu,63,Navas,"12 a 12,9",842
2020,9,Sant Andreu,63,Navas,"13 a 13,9",1257
2020,9,Sant Andreu,63,Navas,"14 a 14,9",164
2020,9,Sant Andreu,63,Navas,"15 a 15,9",99
2020,9,Sant Andreu,63,Navas,"16 a 19,9",221
2020,9,Sant Andreu,63,Navas,20 i més cf,70
2020,10,Sant Martí,64,el Camp de l'Arpa del Clot,Menys 8 cf,675
2020,10,Sant Martí,64,el Camp de l'Arpa del Clot,"8 a 8,9",370
2020,10,Sant Martí,64,el Camp de l'Arpa del Clot,"9 a 9,9",656
2020,10,Sant Martí,64,el Camp de l'Arpa del Clot,"10 a 10,9",1496
2020,10,Sant Martí,64,el Camp de l'Arpa del Clot,"11 a 11,9",2884
2020,10,Sant Martí,64,el Camp de l'Arpa del Clot,"12 a 12,9",1390
2020,10,Sant Martí,64,el Camp de l'Arpa del Clot,"13 a 13,9",1948
2020,10,Sant Martí,64,el Camp de l'Arpa del Clot,"14 a 14,9",236
2020,10,Sant Martí,64,el Camp de l'Arpa del Clot,"15 a 15,9",200
2020,10,Sant Martí,64,el Camp de l'Arpa del Clot,"16 a 19,9",357
2020,10,Sant Martí,64,el Camp de l'Arpa del Clot,20 i més cf,102
2020,10,Sant Martí,65,el Clot,Menys 8 cf,521
2020,10,Sant Martí,65,el Clot,"8 a 8,9",292
2020,10,Sant Martí,65,el Clot,"9 a 9,9",463
2020,10,Sant Martí,65,el Clot,"10 a 10,9",1087
2020,10,Sant Martí,65,el Clot,"11 a 11,9",2171
2020,10,Sant Martí,65,el Clot,"12 a 12,9",1051
2020,10,Sant Martí,65,el Clot,"13 a 13,9",1537
2020,10,Sant Martí,65,el Clot,"14 a 14,9",187
2020,10,Sant Martí,65,el Clot,"15 a 15,9",115
2020,10,Sant Martí,65,el Clot,"16 a 19,9",244
2020,10,Sant Martí,65,el Clot,20 i més cf,63
2020,10,Sant Martí,66,el Parc i la Llacuna del Poblenou,Menys 8 cf,316
2020,10,Sant Martí,66,el Parc i la Llacuna del Poblenou,"8 a 8,9",150
2020,10,Sant Martí,66,el Parc i la Llacuna del Poblenou,"9 a 9,9",257
2020,10,Sant Martí,66,el Parc i la Llacuna del Poblenou,"10 a 10,9",641
2020,10,Sant Martí,66,el Parc i la Llacuna del Poblenou,"11 a 11,9",1297
2020,10,Sant Martí,66,el Parc i la Llacuna del Poblenou,"12 a 12,9",563
2020,10,Sant Martí,66,el Parc i la Llacuna del Poblenou,"13 a 13,9",952
2020,10,Sant Martí,66,el Parc i la Llacuna del Poblenou,"14 a 14,9",115
2020,10,Sant Martí,66,el Parc i la Llacuna del Poblenou,"15 a 15,9",81
2020,10,Sant Martí,66,el Parc i la Llacuna del Poblenou,"16 a 19,9",252
2020,10,Sant Martí,66,el Parc i la Llacuna del Poblenou,20 i més cf,63
2020,10,Sant Martí,67,la Vila Olímpica del Poblenou,Menys 8 cf,216
2020,10,Sant Martí,67,la Vila Olímpica del Poblenou,"8 a 8,9",118
2020,10,Sant Martí,67,la Vila Olímpica del Poblenou,"9 a 9,9",191
2020,10,Sant Martí,67,la Vila Olímpica del Poblenou,"10 a 10,9",440
2020,10,Sant Martí,67,la Vila Olímpica del Poblenou,"11 a 11,9",771
2020,10,Sant Martí,67,la Vila Olímpica del Poblenou,"12 a 12,9",362
2020,10,Sant Martí,67,la Vila Olímpica del Poblenou,"13 a 13,9",917
2020,10,Sant Martí,67,la Vila Olímpica del Poblenou,"14 a 14,9",90
2020,10,Sant Martí,67,la Vila Olímpica del Poblenou,"15 a 15,9",73
2020,10,Sant Martí,67,la Vila Olímpica del Poblenou,"16 a 19,9",260
2020,10,Sant Martí,67,la Vila Olímpica del Poblenou,20 i més cf,90
2020,10,Sant Martí,68,el Poblenou,Menys 8 cf,674
2020,10,Sant Martí,68,el Poblenou,"8 a 8,9",370
2020,10,Sant Martí,68,el Poblenou,"9 a 9,9",611
2020,10,Sant Martí,68,el Poblenou,"10 a 10,9",1351
2020,10,Sant Martí,68,el Poblenou,"11 a 11,9",2713
2020,10,Sant Martí,68,el Poblenou,"12 a 12,9",1207
2020,10,Sant Martí,68,el Poblenou,"13 a 13,9",1860
2020,10,Sant Martí,68,el Poblenou,"14 a 14,9",209
2020,10,Sant Martí,68,el Poblenou,"15 a 15,9",160
2020,10,Sant Martí,68,el Poblenou,"16 a 19,9",363
2020,10,Sant Martí,68,el Poblenou,20 i més cf,116
2020,10,Sant Martí,69,Diagonal Mar i el Front Marítim del Poblenou,Menys 8 cf,263
2020,10,Sant Martí,69,Diagonal Mar i el Front Marítim del Poblenou,"8 a 8,9",174
2020,10,Sant Martí,69,Diagonal Mar i el Front Marítim del Poblenou,"9 a 9,9",194
2020,10,Sant Martí,69,Diagonal Mar i el Front Marítim del Poblenou,"10 a 10,9",525
2020,10,Sant Martí,69,Diagonal Mar i el Front Marítim del Poblenou,"11 a 11,9",1034
2020,10,Sant Martí,69,Diagonal Mar i el Front Marítim del Poblenou,"12 a 12,9",442
2020,10,Sant Martí,69,Diagonal Mar i el Front Marítim del Poblenou,"13 a 13,9",938
2020,10,Sant Martí,69,Diagonal Mar i el Front Marítim del Poblenou,"14 a 14,9",116
2020,10,Sant Martí,69,Diagonal Mar i el Front Marítim del Poblenou,"15 a 15,9",59
2020,10,Sant Martí,69,Diagonal Mar i el Front Marítim del Poblenou,"16 a 19,9",211
2020,10,Sant Martí,69,Diagonal Mar i el Front Marítim del Poblenou,20 i més cf,111
2020,10,Sant Martí,70,el Besòs i el Maresme,Menys 8 cf,365
2020,10,Sant Martí,70,el Besòs i el Maresme,"8 a 8,9",213
2020,10,Sant Martí,70,el Besòs i el Maresme,"9 a 9,9",317
2020,10,Sant Martí,70,el Besòs i el Maresme,"10 a 10,9",729
2020,10,Sant Martí,70,el Besòs i el Maresme,"11 a 11,9",1750
2020,10,Sant Martí,70,el Besòs i el Maresme,"12 a 12,9",918
2020,10,Sant Martí,70,el Besòs i el Maresme,"13 a 13,9",1132
2020,10,Sant Martí,70,el Besòs i el Maresme,"14 a 14,9",96
2020,10,Sant Martí,70,el Besòs i el Maresme,"15 a 15,9",76
2020,10,Sant Martí,70,el Besòs i el Maresme,"16 a 19,9",195
2020,10,Sant Martí,70,el Besòs i el Maresme,20 i més cf,46
2020,10,Sant Martí,71,Provençals del Poblenou,Menys 8 cf,484
2020,10,Sant Martí,71,Provençals del Poblenou,"8 a 8,9",233
2020,10,Sant Martí,71,Provençals del Poblenou,"9 a 9,9",396
2020,10,Sant Martí,71,Provençals del Poblenou,"10 a 10,9",933
2020,10,Sant Martí,71,Provençals del Poblenou,"11 a 11,9",1873
2020,10,Sant Martí,71,Provençals del Poblenou,"12 a 12,9",856
2020,10,Sant Martí,71,Provençals del Poblenou,"13 a 13,9",1303
2020,10,Sant Martí,71,Provençals del Poblenou,"14 a 14,9",128
2020,10,Sant Martí,71,Provençals del Poblenou,"15 a 15,9",98
2020,10,Sant Martí,71,Provençals del Poblenou,"16 a 19,9",272
2020,10,Sant Martí,71,Provençals del Poblenou,20 i més cf,90
2020,10,Sant Martí,72,Sant Martí de Provençals,Menys 8 cf,544
2020,10,Sant Martí,72,Sant Martí de Provençals,"8 a 8,9",310
2020,10,Sant Martí,72,Sant Martí de Provençals,"9 a 9,9",442
2020,10,Sant Martí,72,Sant Martí de Provençals,"10 a 10,9",1111
2020,10,Sant Martí,72,Sant Martí de Provençals,"11 a 11,9",2213
2020,10,Sant Martí,72,Sant Martí de Provençals,"12 a 12,9",1042
2020,10,Sant Martí,72,Sant Martí de Provençals,"13 a 13,9",1490
2020,10,Sant Martí,72,Sant Martí de Provençals,"14 a 14,9",157
2020,10,Sant Martí,72,Sant Martí de Provençals,"15 a 15,9",91
2020,10,Sant Martí,72,Sant Martí de Provençals,"16 a 19,9",226
2020,10,Sant Martí,72,Sant Martí de Provençals,20 i més cf,59
2020,10,Sant Martí,73,la Verneda i la Pau,Menys 8 cf,582
2020,10,Sant Martí,73,la Verneda i la Pau,"8 a 8,9",414
2020,10,Sant Martí,73,la Verneda i la Pau,"9 a 9,9",425
2020,10,Sant Martí,73,la Verneda i la Pau,"10 a 10,9",1173
2020,10,Sant Martí,73,la Verneda i la Pau,"11 a 11,9",2613
2020,10,Sant Martí,73,la Verneda i la Pau,"12 a 12,9",1284
2020,10,Sant Martí,73,la Verneda i la Pau,"13 a 13,9",1708
2020,10,Sant Martí,73,la Verneda i la Pau,"14 a 14,9",183
2020,10,Sant Martí,73,la Verneda i la Pau,"15 a 15,9",111
2020,10,Sant Martí,73,la Verneda i la Pau,"16 a 19,9",282
2020,10,Sant Martí,73,la Verneda i la Pau,20 i més cf,68
2020,NC,No consta,NC,No consta,Menys 8 cf,13
2020,NC,No consta,NC,No consta,"8 a 8,9",15
2020,NC,No consta,NC,No consta,"9 a 9,9",9
2020,NC,No consta,NC,No consta,"10 a 10,9",31
2020,NC,No consta,NC,No consta,"11 a 11,9",42
2020,NC,No consta,NC,No consta,"12 a 12,9",27
2020,NC,No consta,NC,No consta,"13 a 13,9",23
2020,NC,No consta,NC,No consta,"14 a 14,9",3
2020,NC,No consta,NC,No consta,"15 a 15,9",5
2020,NC,No consta,NC,No consta,"16 a 19,9",16
2020,NC,No consta,NC,No consta,20 i més cf,13
